City_ID,City,Lat,Lng,Max Temp,Humidity,Cloudiness,Wind Speed,Country,Date
0,palu,-0.8917,119.8707,24.15,96,100,1.15,ID,1701549832
1,edinburgh of the seven seas,-37.0676,-12.3116,13.91,77,100,2.94,SH,1701549833
2,timmins,48.4669,-81.3331,-3.1,74,40,3.09,CA,1701549699
3,port-aux-francais,-49.35,70.2167,5.68,86,28,12.65,TF,1701549833
4,geraldton,-28.7667,114.6,20.23,73,75,4.12,AU,1701549833
5,mount pearl,47.5166,-52.7813,3.8,93,75,3.09,CA,1701549833
6,bilibino,68.0546,166.4372,-25.9,97,57,1.14,RU,1701549833
7,lhasa,29.65,91.1,-1.64,55,0,2.13,CN,1701549833
8,grytviken,-54.2811,-36.5092,4.45,91,87,6.0,GS,1701549834
9,miresu mare,47.5,23.3333,9.1,80,100,7.07,RO,1701549834
10,quelimane,-17.8786,36.8883,24.97,78,20,2.06,MZ,1701549834
11,villa gesell,-37.2639,-56.973,21.14,81,0,13.13,AR,1701549834
12,talara,-4.5772,-81.2719,27.42,61,0,8.23,PE,1701549834
13,sebdou,34.637,-1.3314,9.61,92,15,1.75,DZ,1701549834
14,bredasdorp,-34.5322,20.0403,17.08,72,100,2.0,ZA,1701549834
15,bethel,41.3712,-73.414,13.33,79,0,0.0,US,1701549835
16,waitangi,-43.9535,-176.5597,14.9,76,100,4.92,NZ,1701549835
17,worthington,40.0931,-83.018,13.09,75,100,3.6,US,1701549786
18,hamilton,39.1834,-84.5333,13.57,76,100,1.34,US,1701549706
19,christchurch,-43.5333,172.6333,24.11,46,99,7.2,NZ,1701549606
20,st. john's,47.5649,-52.7093,4.26,93,75,3.13,CA,1701549835
21,leh,34.1667,77.5833,-8.99,67,35,1.12,IN,1701549836
22,dudinka,69.4058,86.1778,-29.1,88,6,7.97,RU,1701549836
23,al mindak,20.1588,41.2834,15.78,47,23,1.91,SA,1701549836
24,tabou,4.423,-7.3528,26.12,87,58,2.58,CI,1701549836
25,genhe,50.7833,121.5167,-22.68,100,91,1.19,CN,1701549836
26,dana point,33.467,-117.6981,22.04,68,4,1.79,US,1701549837
27,barranca,-10.75,-77.7667,21.7,76,82,4.72,PE,1701549837
28,hashtrud,37.4779,47.0508,4.46,37,73,0.83,IR,1701549837
29,vadso,70.0744,29.7487,0.09,100,100,6.17,NO,1701549837
30,coquimbo,-29.9533,-71.3436,19.85,63,0,6.17,CL,1701549837
31,albany,42.6001,-73.9662,9.85,91,95,0.83,US,1701549757
32,bol,13.4586,14.7147,25.82,38,28,4.37,TD,1701549837
33,auki,-8.7676,160.7034,25.48,92,100,2.71,SB,1701549837
34,hawaiian paradise park,19.5933,-154.9731,26.04,85,20,3.6,US,1701549838
35,nemuro,43.3236,145.575,2.0,56,9,5.1,JP,1701549838
36,shar,49.5886,81.0453,0.71,62,100,6.78,KZ,1701549838
37,tura,25.5198,90.2201,17.44,79,68,1.8,IN,1701549838
38,happy valley-goose bay,53.3168,-60.3315,-9.83,67,20,4.12,CA,1701549838
39,waingapu,-9.6567,120.2641,26.4,84,88,1.62,ID,1701549838
40,ushuaia,-54.8,-68.3,6.81,70,75,7.72,AR,1701549683
41,port mathurin,-19.6833,63.4167,25.55,79,100,5.72,MU,1701549839
42,bubaque,11.2833,-15.8333,28.09,69,100,5.72,GW,1701549839
43,asifabad,19.3667,79.2833,20.86,62,100,1.2,IN,1701549839
44,puerto natales,-51.7236,-72.4875,6.25,75,75,11.32,CL,1701549839
45,antalaha,-14.9003,50.2788,23.36,95,100,3.02,MG,1701549839
46,fale old settlement,-9.3852,-171.2468,27.25,73,100,1.76,TK,1701549839
47,ust-nera,64.5667,143.2,-33.04,99,100,1.21,RU,1701549839
48,yazman,29.1212,71.7446,18.43,40,0,2.37,PK,1701549839
49,saipan,15.1355,145.701,27.39,78,75,8.23,MP,1701549840
50,sao jose da coroa grande,-8.8978,-35.1478,26.01,78,91,5.71,BR,1701549840
51,margaret river,-33.95,115.0667,16.64,80,99,4.66,AU,1701549840
52,troitsk,54.0979,61.5773,-1.56,76,54,9.99,RU,1701549840
53,tuljapur,18.0,76.0833,21.52,68,40,3.81,IN,1701549840
54,mazar-e sharif,36.709,67.1109,13.06,53,87,0.47,AF,1701549840
55,blackmans bay,-43.0167,147.3167,14.07,94,100,1.89,AU,1701549840
56,ta`u,-14.2336,-169.5144,27.02,81,100,3.64,AS,1701549841
57,caleta de carquin,-11.0925,-77.6267,22.1,77,80,4.73,PE,1701549841
58,guanica,17.9716,-66.908,30.06,40,21,6.98,PR,1701549841
59,enewetak,11.3474,162.3373,27.55,77,95,7.76,MH,1701549841
60,jayapura,-2.5333,140.7,23.66,87,100,1.93,ID,1701549841
61,kenai,60.5544,-151.2583,-3.25,89,100,3.09,US,1701549841
62,san andres,12.5847,-81.7006,31.01,70,20,5.66,CO,1701549842
63,xuddur,4.1213,43.8894,25.55,52,100,4.15,SO,1701549842
64,punta arenas,-53.15,-70.9167,8.06,71,75,8.75,CL,1701549736
65,alice springs,-23.7,133.8833,18.75,82,2,0.0,AU,1701549842
66,la passe,45.5549,-0.8967,-0.87,84,12,2.81,FR,1701549842
67,cabo san lucas,22.8909,-109.9124,27.56,53,0,2.57,MX,1701549838
68,yellowknife,62.456,-114.3525,-16.71,85,100,4.63,CA,1701549843
69,iqaluit,63.7506,-68.5145,-5.15,58,75,8.75,CA,1701549843
70,dickson,36.077,-87.3878,14.75,98,100,0.0,US,1701549843
71,keflavik,64.0049,-22.5624,-2.76,68,0,2.57,IS,1701549843
72,sao vicente,-23.9631,-46.3919,36.1,79,0,5.14,BR,1701549843
73,adamstown,-25.066,-130.1015,22.52,82,17,6.18,PN,1701549844
74,west island,-12.1568,96.8225,24.99,73,100,3.6,CC,1701549844
75,nova sintra,14.8667,-24.7167,22.94,76,97,5.2,CV,1701549844
76,lebu,-37.6167,-73.65,12.58,56,0,9.51,CL,1701549844
77,santo antonio,-6.3106,-35.4789,26.02,68,82,5.28,BR,1701549844
78,paragominas,-2.9667,-47.4833,28.41,64,60,2.81,BR,1701549844
79,wailua homesteads,22.0669,-159.378,26.24,81,0,2.06,US,1701549844
80,castillos,-34.1667,-53.8333,22.47,83,100,2.64,UY,1701549845
81,benguela,-12.5763,13.4055,26.5,79,100,1.35,AO,1701549845
82,tiksi,71.6872,128.8694,-29.54,100,100,2.63,RU,1701549845
83,margate,51.3813,1.3862,-2.16,72,5,4.32,GB,1701549845
84,campo formoso,-10.5075,-40.3214,28.78,29,5,2.39,BR,1701549845
85,nagqu,31.5,92.0,-9.41,52,36,1.1,CN,1701549846
86,kimbe,-5.5502,150.1429,25.17,90,99,1.36,PG,1701549846
87,san julian,21.0167,-102.1667,21.29,36,100,4.68,MX,1701549846
88,ibeto,10.4854,5.145,26.27,17,33,2.51,NG,1701549846
89,anadyr,64.75,177.4833,-18.72,84,0,3.0,RU,1701549846
90,mocimboa,-11.3167,40.35,24.8,89,92,1.83,MZ,1701549846
91,afaahiti,-17.75,-149.2833,29.93,85,78,9.74,PF,1701549846
92,vorgashor,67.5833,63.95,-16.88,94,89,2.57,RU,1701549847
93,avarua,-21.2078,-159.775,26.03,73,40,4.63,CK,1701549847
94,colonia,50.9333,6.95,1.05,78,20,2.06,DE,1701549847
95,port elizabeth,-33.918,25.5701,19.62,91,75,1.03,ZA,1701549847
96,nema,57.5067,50.5011,-11.18,96,89,3.13,RU,1701549847
97,pandan,14.0453,124.1694,26.47,85,100,6.35,PH,1701549847
98,ribeira grande,38.5167,-28.7,15.22,55,40,7.6,PT,1701549847
99,nar'yan-mar,67.6713,53.087,-9.94,95,100,5.36,RU,1701549848
100,talnakh,69.4865,88.3972,-29.33,96,18,0.58,RU,1701549848
101,concepcion,-36.827,-73.0498,17.89,45,0,10.8,CL,1701549549
102,tocopilla,-22.092,-70.1979,21.05,67,20,5.1,CL,1701549848
103,aasiaat,68.7098,-52.8699,-12.68,85,48,1.76,GL,1701549849
104,cill airne,52.05,-9.5167,2.03,100,20,2.57,IE,1701549849
105,iringa,-7.7667,35.7,17.6,83,80,1.72,TZ,1701549849
106,dejen,10.1667,38.1333,15.45,52,93,1.0,ET,1701549849
107,smithers,54.7804,-127.1743,-1.82,100,100,1.54,CA,1701549849
108,haiku-pauwela,20.9219,-156.3051,27.87,72,40,2.06,US,1701549850
109,puerto ayora,-0.7393,-90.3518,25.86,88,85,3.13,EC,1701549850
110,sao felix do xingu,-6.6447,-51.995,33.07,40,94,1.3,BR,1701549850
111,priargunsk,50.3691,119.1012,-18.66,96,88,2.04,RU,1701549850
112,tayoltita,24.0833,-105.9333,24.4,31,99,2.94,MX,1701549850
113,falmouth,50.1544,-5.0711,9.32,70,100,3.09,GB,1701549850
114,ilulissat,69.2167,-51.1,-1.99,50,23,8.23,GL,1701549851
115,oltinko'l,40.8011,72.1634,9.29,38,47,1.12,UZ,1701549851
116,sola,-13.8833,167.55,26.76,83,100,8.17,VU,1701549851
117,al matariyah,31.1829,32.0311,19.97,72,0,5.83,EG,1701549851
118,tazovsky,67.4667,78.7,-27.26,95,6,4.59,RU,1701549851
119,conde,-7.2597,-34.9075,27.7,74,20,5.14,BR,1701549851
120,kegen,43.0197,79.2203,-2.48,54,79,2.85,KZ,1701549852
121,port lincoln,-34.7333,135.8667,15.25,75,14,6.31,AU,1701549852
122,crane,31.3974,-102.3501,17.07,22,0,7.49,US,1701549852
123,puerto aysen,-45.4,-72.7,6.98,99,99,2.49,CL,1701549674
124,lovech,43.1333,24.7167,8.43,62,100,2.49,BG,1701549853
125,fort bragg,35.139,-79.006,22.32,79,0,1.54,US,1701549853
126,pyin oo lwin,22.0333,96.4667,15.53,93,100,1.14,MM,1701549853
127,longyearbyen,78.2186,15.6401,-8.09,79,75,2.06,SJ,1701549853
128,saldanha,-33.0117,17.9442,17.03,77,2,7.69,ZA,1701549853
129,prado,-17.3411,-39.2208,25.86,77,0,6.52,BR,1701549853
130,port alfred,-33.5906,26.891,17.88,93,74,4.69,ZA,1701549854
131,pacific grove,36.6177,-121.9166,17.45,78,75,2.06,US,1701549854
132,santa terezinha,-29.9002,-50.0904,22.68,97,100,5.43,BR,1701549854
133,chonchi,-42.6128,-73.8092,11.56,54,61,3.64,CL,1701549854
134,lodja,-3.4833,23.4333,20.7,99,99,0.3,CD,1701549855
135,stanley,54.868,-1.6985,-2.34,96,20,0.51,GB,1701549855
136,karyes,37.3,22.5,12.33,95,100,2.5,GR,1701549855
137,treasure island,27.7692,-82.769,29.58,78,75,6.69,US,1701549855
138,praia da vitoria,38.7333,-27.0667,14.31,67,75,8.29,PT,1701549855
139,bel ombre,-4.6167,55.4167,26.91,83,40,2.57,SC,1701549856
140,nadym,65.5333,72.5167,-26.75,91,13,4.66,RU,1701549856
141,kattivakkam,13.2167,80.3167,25.05,92,100,8.93,IN,1701549856
142,howard springs,-12.497,131.047,27.68,83,100,2.03,AU,1701549856
143,kijang,35.2442,129.2139,-0.15,71,3,3.58,KR,1701549856
144,magadan,59.5667,150.8,-16.1,96,100,3.52,RU,1701549857
145,rongelap,11.1635,166.8941,27.55,73,72,8.48,MH,1701549857
146,sao joao da barra,-21.6403,-41.0511,28.05,90,0,6.44,BR,1701549857
147,lazaro cardenas,17.9583,-102.2,29.35,60,22,3.67,MX,1701549857
148,at taj,24.2049,23.2857,15.49,33,1,3.25,LY,1701549857
149,katsuura,35.1333,140.3,10.78,63,35,1.19,JP,1701549857
150,dalbandin,28.8947,64.4101,15.69,35,0,2.13,PK,1701549858
151,prince rupert,54.3161,-130.3201,4.83,91,100,11.83,CA,1701549858
152,korla,41.7597,86.1469,-0.49,46,16,1.28,CN,1701549858
153,mejit,10.2753,170.8646,27.55,74,76,7.96,MH,1701549858
154,jamestown,42.097,-79.2353,9.45,97,100,1.54,US,1701549831
155,rabo de peixe,37.8,-25.5833,13.73,88,75,8.23,PT,1701549859
156,duba,27.3513,35.6901,26.56,41,0,3.63,SA,1701549859
157,flying fish cove,-10.4217,105.6791,23.82,78,85,3.09,CX,1701549859
158,tolanaro,-25.0319,46.9987,22.04,64,75,5.14,MG,1701549860
159,padang,-0.9492,100.3543,25.03,91,99,1.19,ID,1701549571
160,parauapebas,-6.0675,-49.9022,31.99,61,20,0.51,BR,1701549638
161,kodiak,57.79,-152.4072,4.73,87,100,6.69,US,1701549860
162,horta,38.5333,-28.6333,14.8,67,40,7.6,PT,1701549860
163,buldana,20.5333,76.1833,19.89,78,10,2.25,IN,1701549861
164,uturoa,-16.7333,-151.4333,27.26,78,100,8.58,PF,1701549861
165,monte argentario,42.4345,11.1195,9.89,56,0,5.79,IT,1701549861
166,arraial do cabo,-22.9661,-42.0278,28.98,74,0,6.17,BR,1701549734
167,antsiranana,-12.2787,49.2917,25.72,84,20,1.2,MG,1701549722
168,meulaboh,4.1363,96.1285,24.92,90,100,1.67,ID,1701549862
169,georgetown,5.4112,100.3354,26.08,95,20,20.06,MY,1701549862
170,qaqortoq,60.7167,-46.0333,-0.8,75,100,3.21,GL,1701549862
171,suntar,62.1444,117.6319,-42.11,100,68,0.88,RU,1701549862
172,mulki,13.1,74.8,26.6,89,20,1.03,IN,1701549862
173,santa cecilia,-26.9608,-50.4269,23.57,75,72,1.48,BR,1701549863
174,myitkyina,25.3833,97.4,17.43,72,100,0.91,MM,1701549863
175,lhokseumawe,5.1801,97.1507,25.0,86,100,1.07,ID,1701549863
176,olonkinbyen,70.9221,-8.7187,-1.03,92,81,8.0,SJ,1701549863
177,kingston,17.997,-76.7936,30.53,58,20,10.29,JM,1701549863
178,iquique,-20.2208,-70.1431,21.02,71,9,3.92,CL,1701549863
179,college,64.8569,-147.8028,-21.07,79,20,0.0,US,1701549575
180,columbia falls,48.3725,-114.1815,1.18,89,100,7.72,US,1701549864
181,palasa,18.7667,84.4167,23.12,68,100,3.39,IN,1701549864
182,taulaga,-11.0553,-171.0883,27.29,74,100,1.47,AS,1701549864
183,papatowai,-46.5619,169.4708,9.84,87,95,6.31,NZ,1701549864
184,kyenjojo,0.6328,30.6214,16.78,84,43,0.65,UG,1701549864
185,tecolots,32.5667,-114.9833,21.59,30,1,0.45,MX,1701549864
186,trinidad,-14.8333,-64.9,34.99,49,20,6.69,BO,1701549865
187,ad-damazin,11.7891,34.3592,28.96,31,32,3.21,SD,1701549865
188,remire-montjoly,4.9167,-52.2667,29.02,70,0,3.6,GF,1701549865
189,urangan,-25.3,152.9,25.24,86,96,4.15,AU,1701549865
190,progreso,21.2833,-89.6667,34.06,55,76,3.53,MX,1701549865
191,clarkston heights-vineland,46.3874,-117.083,8.47,78,20,6.17,US,1701549865
192,sisimiut,66.9395,-53.6735,-4.5,72,100,3.57,GL,1701549866
193,al majaridah,19.1236,41.9111,25.4,53,5,1.09,SA,1701549866
194,micheweni,-4.9667,39.8333,26.75,88,59,3.59,TZ,1701549866
195,graham,47.0529,-122.2943,9.7,84,40,6.17,US,1701549686
196,tevriz,57.509,72.4042,-8.42,94,100,3.49,RU,1701549866
197,udachny,66.4167,112.4,-34.2,66,98,1.38,RU,1701549866
198,east london,-33.0153,27.9116,20.84,79,99,3.82,ZA,1701549761
199,nizhniy odes,63.6445,54.856,-11.08,97,100,1.39,RU,1701549867
200,pasni,25.2631,63.471,23.9,69,0,2.72,PK,1701549867
201,sittwe,20.15,92.9,24.81,67,90,2.43,MM,1701549867
202,vorkuta,67.5,64.0,-15.99,95,94,2.3,RU,1701549867
203,sitka,57.0531,-135.33,5.94,61,0,0.0,US,1701549867
204,hilo,19.7297,-155.09,27.01,81,20,3.6,US,1701549732
205,thames,-37.1333,175.5333,18.7,78,100,3.46,NZ,1701549868
206,inarajan village,13.2736,144.7484,26.54,94,37,9.52,GU,1701549868
207,invercargill,-46.4,168.35,12.42,65,64,6.94,NZ,1701549868
208,tsiombe,-25.3,45.4833,21.08,64,83,6.81,MG,1701549868
209,abepura,-2.6333,140.5833,23.45,94,20,0.51,ID,1701549868
210,mitu,1.1983,-70.1733,26.82,79,99,0.68,CO,1701549869
211,cozumel,20.5083,-86.9458,30.04,82,75,4.12,MX,1701549869
212,portland,45.5234,-122.6762,11.09,93,100,3.58,US,1701549719
213,susuman,62.7833,148.1667,-34.26,100,100,0.68,RU,1701549869
214,itacarambi,-15.1022,-44.0919,30.69,40,99,2.31,BR,1701549869
215,whitehorse,60.7161,-135.0538,-10.5,92,100,1.54,CA,1701549856
216,simanggang,1.2472,111.4528,23.99,100,94,0.0,MY,1701549869
217,kununurra,-15.7667,128.7333,26.99,83,75,2.57,AU,1701549745
218,dunedin,-45.8742,170.5036,12.11,90,97,4.92,NZ,1701549870
219,minas de marcona,-15.2119,-75.1103,18.62,61,78,8.4,PE,1701549870
220,hailin,44.5833,129.4167,-16.48,98,58,1.39,CN,1701549870
221,floro,61.5996,5.0328,-0.02,69,100,4.12,NO,1701549870
222,thompson,55.7435,-97.8558,-8.91,92,40,2.06,CA,1701549870
223,redding,40.5865,-122.3917,10.36,89,100,0.45,US,1701549665
224,neryungri,56.6709,124.6491,-26.83,97,94,1.49,RU,1701549871
225,alofi,-19.0595,-169.9187,26.94,83,40,3.09,NU,1701549871
226,isafjordur,66.0755,-23.124,-3.18,74,57,2.25,IS,1701549871
227,camabatela,-8.1881,15.375,16.08,99,34,1.05,AO,1701549871
228,greenland,43.0362,-70.8328,10.06,86,75,2.57,US,1701549872
229,larino,41.8055,14.9193,9.29,59,68,8.18,IT,1701549872
230,machico,32.7,-16.7667,18.17,76,20,1.54,PT,1701549872
231,ola,59.5833,151.2833,-13.01,93,100,3.05,RU,1701549872
232,hammerfest,70.6634,23.6821,-6.75,68,75,1.54,NO,1701549728
233,bamboo flat,11.7,92.7167,26.05,94,40,0.51,IN,1701549873
234,khandyga,62.6667,135.6,-29.99,99,100,1.34,RU,1701549873
235,weno,7.4515,151.8468,28.79,74,48,7.92,FM,1701549873
236,new norfolk,-42.7826,147.0587,14.72,83,100,0.56,AU,1701549873
237,lons-le-saunier,46.75,5.75,-2.38,98,70,1.17,FR,1701549874
238,midvagur,62.0511,-7.1939,1.46,80,98,4.63,FO,1701549874
239,lihue,21.9789,-159.3672,26.58,76,0,2.06,US,1701549873
240,shatrovo,56.5167,64.6333,-5.26,96,100,5.9,RU,1701549874
241,cheremushki,52.8356,91.3944,0.52,83,100,3.76,RU,1701549874
242,peace river,56.2501,-117.286,-4.83,79,40,0.0,CA,1701549874
243,ostersund,63.1792,14.6357,-14.75,85,100,1.03,SE,1701549874
244,atchison,39.563,-95.1216,4.0,89,100,3.6,US,1701549761
245,revda,56.801,59.9303,-9.76,94,100,4.85,RU,1701549875
246,colby,39.3958,-101.0524,9.03,38,0,6.17,US,1701549728
247,ciudad lazaro cardenas,17.9583,-102.2,29.35,60,22,3.67,MX,1701549875
248,birmitrapur,22.4,84.7667,18.82,69,100,1.53,IN,1701549875
249,ichchapuram,19.1167,84.7,22.95,74,100,3.39,IN,1701549875
250,badagry,6.4167,2.8833,27.09,86,99,4.63,NG,1701549876
251,tailai,46.3833,123.4,-11.99,84,5,4.91,CN,1701549876
252,menongue,-14.6585,17.691,18.0,87,90,1.12,AO,1701549876
253,bardai,11.65,7.2333,22.55,16,11,3.39,NG,1701549876
254,kruisfontein,-34.0033,24.7314,17.71,96,65,0.61,ZA,1701549876
255,ocean shores,46.9737,-124.1563,10.57,83,100,2.68,US,1701549876
256,douglas,41.3,-96.167,3.9,74,100,2.57,US,1701549755
257,essaouira,31.5125,-9.77,16.72,59,20,3.6,MA,1701549860
258,laguna,38.421,-121.4238,15.99,82,100,3.6,US,1701549749
259,sirte,31.2089,16.5887,21.19,30,100,5.78,LY,1701549877
260,rikaze,29.25,88.8833,-5.35,58,0,1.12,CN,1701549877
261,badger,64.8,-147.5333,-21.12,81,75,0.0,US,1701549877
262,nanao,37.05,136.9667,4.07,91,100,8.09,JP,1701549877
263,marka,1.7159,44.7717,27.03,76,100,6.38,SO,1701549877
264,mabaruma,8.2,-59.7833,27.02,71,8,2.73,GY,1701549878
265,wangaratta,-36.3667,146.3333,18.04,71,0,1.97,AU,1701549878
266,mahibadhoo,3.7833,72.9667,27.6,80,100,5.39,MV,1701549878
267,velyka pysarivka,50.4259,35.485,0.58,89,100,6.38,UA,1701549878
268,coyhaique,-45.5752,-72.0662,9.34,71,75,1.54,CL,1701549723
269,kavaratti,10.5669,72.642,28.5,74,32,4.26,IN,1701549879
270,manismata,-2.4667,111.0333,22.98,99,73,1.06,ID,1701549879
271,iskateley,67.6803,53.1512,-9.99,95,100,5.36,RU,1701549879
272,tongchuan,35.0806,109.0897,1.53,26,88,1.05,CN,1701549879
273,navia,43.5354,-6.7194,6.96,91,58,2.12,ES,1701549879
274,daru,-9.0763,143.2092,27.34,84,100,3.58,PG,1701549879
275,cienfuegos,22.1461,-80.4356,32.08,55,20,2.06,CU,1701549880
276,bikenibeu village,1.3673,173.1241,25.98,94,75,6.69,KI,1701549880
277,sigayevo,56.4216,53.7757,-6.95,93,99,5.35,RU,1701549880
278,tado,5.266,-76.5649,32.9,86,100,1.97,CO,1701549880
279,qarazhal,48.0078,70.7903,2.82,59,100,9.15,KZ,1701549880
280,port-vila,-17.7338,168.3219,25.78,94,75,4.12,VU,1701549785
281,kushiro,42.975,144.3747,-0.36,60,7,2.57,JP,1701549882
282,lompoc,34.6391,-120.4579,22.79,41,0,8.23,US,1701549882
283,taft,31.7471,54.2088,8.97,37,0,1.03,IR,1701549882
284,saint-philippe,-21.3585,55.7679,23.77,92,99,1.7,RE,1701549882
285,spring creek,40.7266,-115.5859,1.05,74,100,7.6,US,1701549882
286,boguchany,58.3814,97.4531,-6.19,97,97,1.79,RU,1701549882
287,selkirk,50.1436,-96.8845,2.04,61,99,3.58,CA,1701549882
288,greenville,35.6127,-77.3663,21.18,92,40,2.57,US,1701549741
289,northam,51.0333,-4.2167,5.22,83,100,6.29,GB,1701549883
290,spas-demensk,54.4122,34.0226,-8.87,98,100,1.65,RU,1701549883
291,kisanga,-7.4362,37.7034,24.55,91,100,1.05,TZ,1701549883
292,la tuque,47.4334,-72.7824,-2.86,63,91,4.12,CA,1701549744
293,al kawa,13.7463,32.4996,28.53,26,37,5.4,SD,1701549883
294,maragogi,-9.0122,-35.2225,25.99,78,88,6.08,BR,1701549883
295,porto novo,6.4965,2.6036,28.9,85,100,3.37,BJ,1701549600
296,chibougamau,49.9168,-74.3659,-10.21,92,100,1.54,CA,1701549800
297,huamachuco,-7.8,-78.0667,16.55,62,93,1.5,PE,1701549884
298,rice lake,45.5061,-91.7382,3.82,58,40,4.12,US,1701549884
299,san pedro pochutla,15.7333,-96.4667,33.84,52,27,3.29,MX,1701549884
300,dzhetygara,52.1908,61.2006,-1.18,74,93,11.39,KZ,1701549884
301,sarupathar,26.1984,93.8094,16.99,86,100,0.45,IN,1701549884
302,ust'-kulom,61.6864,53.6902,-13.42,98,98,1.27,RU,1701549884
303,kovalam,8.3667,76.9967,27.05,89,40,2.06,IN,1701549885
304,naze,28.3667,129.4833,14.51,67,92,4.81,JP,1701549885
305,glace bay,46.1969,-59.957,6.25,97,100,1.54,CA,1701549885
306,hithadhoo,-0.6,73.0833,27.83,74,100,4.61,MV,1701549885
307,pisco,-13.7,-76.2167,23.03,68,0,10.29,PE,1701549885
308,plettenberg bay,-34.0527,23.3716,16.55,90,22,1.21,ZA,1701549885
309,tromso,69.6496,18.957,-5.99,79,40,2.06,NO,1701549886
310,dayr al balah,31.4166,34.3452,20.33,72,0,3.52,PS,1701549886
311,na wa,17.4897,104.1006,19.62,83,85,2.45,TH,1701549886
312,kapuskasing,49.4169,-82.4331,-0.95,59,20,3.09,CA,1701549743
313,defuniak springs,30.721,-86.1152,21.1,100,100,3.6,US,1701549886
314,utrik,11.2278,169.8474,27.17,77,66,8.72,MH,1701549886
315,harstad,68.799,16.5293,-2.69,89,64,1.28,NO,1701549886
316,terrace,54.5163,-128.6035,1.23,93,100,4.63,CA,1701549886
317,senekal,-28.3197,27.6208,21.91,26,4,1.41,ZA,1701549887
318,ketchikan,55.3422,-131.6461,5.19,93,100,2.06,US,1701549887
319,ashgabat,37.95,58.3833,6.92,87,47,2.06,TM,1701549719
320,wynyard,-41.0,145.7167,14.8,87,100,2.62,AU,1701549887
321,carnarvon,-24.8667,113.6333,21.98,77,0,8.11,AU,1701549887
322,viljoenskroon,-27.2084,26.9485,23.47,23,6,2.59,ZA,1701549887
323,villa de cos,23.2833,-102.35,20.54,27,100,5.99,MX,1701549887
324,santa cruz verapaz,15.3667,-90.4333,25.42,69,20,2.06,GT,1701549888
325,kalevala,65.2,31.1667,-8.84,94,100,4.02,RU,1701549888
326,kailua-kona,19.6406,-155.9956,29.04,81,40,2.06,US,1701549888
327,curvelo,-18.7564,-44.4308,26.46,63,69,2.05,BR,1701549888
328,ust-tsilma,65.441,52.1498,-10.92,98,100,1.09,RU,1701549888
329,holualoa,19.6228,-155.9522,26.97,81,40,2.06,US,1701549888
330,formosa do rio preto,-11.0483,-45.1931,33.36,24,87,2.3,BR,1701549889
331,charters towers,-20.1,146.2667,25.9,75,48,2.99,AU,1701549889
332,emboscada,-25.15,-57.35,33.77,53,63,1.65,PY,1701549889
333,san-pedro,4.7485,-6.6363,25.72,89,51,2.2,CI,1701549889
334,mezhova,48.2532,36.7347,7.98,97,100,3.4,UA,1701549889
335,hasaki,35.7333,140.8333,2.22,55,100,2.16,JP,1701549889
336,ratnagiri,16.9833,73.3,24.66,73,6,1.63,IN,1701549889
337,westport,41.1415,-73.3579,14.04,86,0,3.6,US,1701549890
338,karratha,-20.7377,116.8463,24.8,79,0,5.26,AU,1701549890
339,severo-yeniseyskiy,60.3725,93.0408,-10.79,93,100,3.58,RU,1701549890
340,salaga,8.5508,-0.5188,30.21,44,91,1.47,GH,1701549890
341,roja,57.5,22.8167,-3.69,94,100,2.47,LV,1701549890
342,naqadeh,36.9553,45.388,6.81,44,90,0.88,IR,1701549890
343,constantia,44.1833,28.65,12.61,82,100,5.15,RO,1701549846
344,saint-louis du nord,19.9333,-72.7167,28.47,69,86,7.34,HT,1701549891
345,arraias,-12.9288,-46.9437,28.25,46,95,1.37,BR,1701549891
346,bankim,6.083,11.4905,22.92,75,100,0.91,CM,1701549891
347,island harbour,50.724,-1.2758,7.74,94,28,0.89,GB,1701549891
348,acapulco de juarez,16.8634,-99.8901,30.9,58,40,3.09,MX,1701549818
349,san patricio,28.017,-97.5169,23.28,55,100,6.85,US,1701549891
350,dhidhdhoo,6.8833,73.1,28.1,76,79,3.04,MV,1701549891
351,vilyuchinsk,52.9306,158.4028,-7.26,84,100,3.53,RU,1701549892
352,pedernales,18.0384,-71.744,28.82,61,91,0.87,DO,1701549892
353,hadibu,12.65,54.0333,25.38,76,88,6.54,YE,1701549892
354,cafayate,-26.073,-65.9761,26.67,62,40,4.1,AR,1701549892
355,usakos,-22.0,15.6,25.25,46,98,0.39,NA,1701549892
356,port douglas,-16.4833,145.4667,26.36,78,85,0.84,AU,1701549892
357,tazacorte,28.629,-17.9293,20.64,88,100,3.6,ES,1701549892
358,itaguai,-22.8522,-43.7753,28.94,74,0,4.63,BR,1701549892
359,sinjai,-5.1241,120.253,25.1,83,100,1.46,ID,1701549893
360,saudarkrokur,65.7461,-19.6394,-4.85,77,64,2.11,IS,1701549893
361,cooper's town,26.8667,-77.5167,25.45,86,82,5.76,BS,1701549893
362,baotou,40.6522,109.8222,-4.42,34,5,1.62,CN,1701549893
363,port saint john's,-31.6229,29.5448,20.7,90,100,2.08,ZA,1701549893
364,lanzhou,36.0564,103.7922,2.52,35,1,0.19,CN,1701549893
365,helena valley west central,46.6629,-112.0604,5.49,46,40,5.36,US,1701549894
366,belen,36.4891,36.2233,7.44,86,0,2.57,TR,1701549894
367,bisbee,31.4482,-109.9284,11.63,40,40,2.72,US,1701549894
368,as sulayyil,20.4607,45.5779,19.14,34,3,3.75,SA,1701549894
369,sumbawa besar,-8.5,117.4333,23.85,93,100,1.82,ID,1701549894
370,gowurdak,37.8124,66.0466,11.66,54,6,0.92,TM,1701549894
371,carutapera,-1.195,-46.02,27.76,76,7,4.11,BR,1701549894
372,paita,-5.0892,-81.1144,23.06,74,40,8.19,PE,1701549895
373,silale,55.4906,22.1814,-5.18,96,100,2.17,LT,1701549895
374,padre las casas,18.7317,-70.9392,25.36,69,89,1.6,DO,1701549895
375,soure,-0.7167,-48.5233,27.65,73,15,4.49,BR,1701549744
376,sturgis,41.7992,-85.4192,5.6,95,100,1.54,US,1701549786
377,puerto rico,-26.796,-55.024,24.44,97,95,3.6,AR,1701549895
378,romans-sur-isere,45.0464,5.0562,1.02,84,69,5.82,FR,1701549895
379,rawson,-43.3002,-65.1023,19.16,11,0,13.38,AR,1701549896
380,nandyal,15.4833,78.4833,22.34,83,83,1.73,IN,1701549896
381,narrabri,-30.3167,149.7833,23.62,67,38,3.06,AU,1701549896
382,ituverava,-20.3394,-47.7806,28.93,52,59,1.24,BR,1701549896
383,kourou,5.1552,-52.6478,29.03,72,69,3.44,GF,1701549896
384,tanaina,61.6269,-149.4281,-1.23,62,100,1.34,US,1701549896
385,puerto armuelles,8.2833,-82.8667,31.99,68,55,1.34,PA,1701549896
386,akureyri,65.6835,-18.0878,-3.04,86,75,1.03,IS,1701549897
387,vieste,41.8825,16.175,14.75,57,64,8.74,IT,1701549897
388,klaksvik,62.2266,-6.589,1.51,71,100,4.7,FO,1701549897
389,inirida,3.8653,-67.9239,29.46,67,98,1.1,CO,1701549897
390,frostburg,39.6581,-78.9284,14.6,84,40,0.0,US,1701549897
391,kiunga,-6.1219,141.2906,23.21,100,100,0.6,PG,1701549897
392,hermanus,-34.4187,19.2345,17.37,70,98,2.6,ZA,1701549897
393,scottburgh,-30.2867,30.7532,20.49,89,65,4.15,ZA,1701549898
394,kapa'a,22.0752,-159.319,26.99,81,0,2.06,US,1701549898
395,dalhart,36.0595,-102.5133,12.44,17,100,8.23,US,1701549665
396,mae hong son,19.3003,97.9685,20.7,95,65,0.8,TH,1701549898
397,fada,9.5667,8.3,22.51,37,71,1.18,NG,1701549898
398,lata,40.1629,-8.3327,7.26,87,0,0.79,PT,1701549898
399,vanersborg,58.3807,12.3234,-6.03,93,100,2.06,SE,1701549898
400,cradock,-32.1642,25.6192,19.85,63,94,1.42,ZA,1701549899
401,mohr,54.3528,9.7167,-4.92,96,95,2.57,DE,1701549899
402,puerto carreno,6.189,-67.4859,33.99,49,20,4.12,CO,1701549899
403,tafi viejo,-26.732,-65.2592,25.91,65,100,3.09,AR,1701549899
404,kerema,-7.9631,145.7785,25.21,84,100,2.0,PG,1701549899
405,ulsteinvik,62.3432,5.8487,0.97,75,100,2.24,NO,1701549899
406,sirvintos,55.05,24.95,-3.58,95,100,3.24,LT,1701549900
407,dolores,-36.3132,-57.6792,27.46,65,0,1.81,AR,1701549900
408,rabigh,22.7986,39.0349,27.17,66,0,2.92,SA,1701549900
409,kayangel,8.0823,134.7173,28.56,77,40,7.4,PW,1701549900
410,constitucion,-35.3333,-72.4167,16.9,50,0,9.81,CL,1701549657
411,gua musang,4.8823,101.9644,23.0,99,100,0.59,MY,1701549900
412,quellon,-43.1167,-73.6167,11.28,56,73,5.1,CL,1701549901
413,martinsburg,39.4562,-77.9639,17.13,77,0,0.0,US,1701549901
414,moroni,-11.7022,43.2551,26.25,78,100,0.38,KM,1701549901
415,zhalantun,48.0,122.7167,-16.63,90,11,1.74,CN,1701549901
416,pacasmayo,-7.4006,-79.5714,22.71,73,54,7.53,PE,1701549901
417,coronel suarez,-37.4547,-61.9334,21.57,24,100,6.9,AR,1701549901
418,arkhangel'sk,64.5401,40.5433,-12.94,92,100,1.0,RU,1701549902
419,tokar,18.4254,37.729,27.49,67,21,5.6,SD,1701549902
420,tual,-5.6667,132.75,28.66,75,88,3.5,ID,1701549903
421,touros,-5.1989,-35.4608,26.29,75,44,5.4,BR,1701549903
422,merizo village,13.2658,144.6691,26.31,94,29,9.32,GU,1701549903
423,yanykurgan,43.915,67.2481,6.2,69,72,5.07,KZ,1701549903
424,acarau,-2.8856,-40.12,27.27,70,27,6.57,BR,1701549904
425,luderitz,-26.6481,15.1594,18.46,71,9,8.66,NA,1701549904
426,alo,7.4178,6.7371,28.54,48,43,1.01,NG,1701549904
427,zhob,31.3411,69.4481,8.97,50,11,0.43,PK,1701549905
428,upington,-28.4478,21.2561,26.21,47,99,4.12,ZA,1701549905
429,aykhal,66.0,111.5,-36.11,100,99,2.03,RU,1701549607
430,bonanza,14.0289,-84.591,28.38,66,75,1.41,NI,1701549905
431,riachao,-7.3619,-46.6172,29.71,49,51,0.43,BR,1701549906
432,barra de santo antonio,-9.4047,-35.5072,27.6,79,79,6.25,BR,1701549906
433,san stino di livenza,45.735,12.6808,8.56,84,100,2.32,IT,1701549906
434,siwa oasis,29.2041,25.5195,16.76,58,54,2.03,EG,1701549906
435,palikir - national government center,6.9248,158.1611,24.41,100,100,1.54,FM,1701549906
436,lypova dolyna,50.5643,33.7979,0.08,94,100,6.32,UA,1701549907
437,copiapo,-27.3667,-70.3333,16.83,29,0,3.78,CL,1701549888
438,radovis,41.6383,22.4647,10.86,83,30,3.69,MK,1701549907
439,kone,-21.0595,164.8658,28.39,59,5,0.53,NC,1701549907
440,ta'izz,13.5,44.0,17.26,72,25,3.61,YE,1701549908
441,sao tome,0.3365,6.7273,26.5,78,100,1.0,ST,1701549908
442,nguigmi,14.2495,13.1092,25.1,19,65,4.54,NE,1701549908
443,magistral'nyy,56.1725,107.4458,-7.57,96,100,1.7,RU,1701549908
444,mahina,-17.5065,-149.489,30.87,66,75,4.63,PF,1701549908
445,pangody,65.85,74.4859,-27.54,92,7,4.75,RU,1701549908
446,severodvinsk,64.5635,39.8302,-12.94,99,89,1.37,RU,1701549909
447,santa cruz,-17.8,-63.1667,34.03,49,40,10.29,BO,1701549614
448,dzhalagash,45.0833,64.6667,5.95,55,95,4.55,KZ,1701549909
449,harsin,34.2721,47.5861,1.45,33,0,0.34,IR,1701549909
450,nova vicosa,-17.8919,-39.3719,26.2,75,2,7.11,BR,1701549909
451,freetown,8.484,-13.2299,27.84,78,40,4.63,SL,1701549909
452,williams lake,52.1415,-122.1445,2.81,78,75,1.54,CA,1701549910
453,mata-utu,-13.2816,-176.1745,28.29,74,91,5.17,WF,1701549910
454,kargasok,59.0556,80.8572,-12.8,97,100,2.68,RU,1701549911
455,baneh,35.9975,45.8853,5.37,39,4,0.81,IR,1701549911
456,necochea,-38.5473,-58.7368,15.23,62,48,10.16,AR,1701549911
457,belmonte,-15.8631,-38.8828,26.25,72,2,5.0,BR,1701549911
458,ujae,8.9322,165.7642,27.9,76,97,9.29,MH,1701549911
459,kuta,-8.7233,115.1723,25.97,88,40,1.54,ID,1701549912
460,tidjikja,18.5564,-11.4271,26.17,22,94,4.79,MR,1701549912
461,coahuayana de hidalgo,18.7,-103.6583,30.49,51,99,2.25,MX,1701549912
462,balqash,46.8481,74.995,3.6,84,85,4.09,KZ,1701549660
463,angra do heroismo,38.65,-27.2167,14.51,78,75,6.79,PT,1701549912
464,isla mujeres,21.2311,-86.731,30.09,76,83,5.62,MX,1701549913
465,gadzhiyevo,69.2551,33.3362,-0.02,95,100,5.82,RU,1701549913
466,salekhard,66.53,66.6019,-17.58,94,100,6.58,RU,1701549913
467,shixing,24.9482,114.0657,10.64,77,97,1.57,CN,1701549913
468,roxas,11.5853,122.7511,25.64,88,62,5.44,PH,1701549913
469,xianju,28.85,120.7333,8.6,59,100,0.67,CN,1701549914
470,walvis bay,-22.9575,14.5053,17.83,84,40,3.93,NA,1701549914
471,itacoatiara,-3.1431,-58.4442,30.47,58,100,0.94,BR,1701549914
472,oum hadjer,13.2954,19.6966,26.7,13,31,4.53,TD,1701549914
473,forquilhinha,-28.7475,-49.4722,24.66,98,55,2.15,BR,1701549645
474,gorontalo,0.5412,123.0595,23.97,94,83,1.48,ID,1701549901
475,dwarka,22.2394,68.9678,24.59,60,0,8.02,IN,1701549915
476,griffith,41.5284,-87.4237,6.3,85,100,2.57,US,1701549915
477,kudahuvadhoo,2.6708,72.8944,27.92,78,99,5.85,MV,1701549915
478,queenstown,-31.8976,26.8753,17.32,80,80,0.85,ZA,1701549915
479,mora,11.0461,14.1401,25.17,18,92,2.1,CM,1701549915
480,paradip garh,20.3167,86.6167,24.21,67,100,3.59,IN,1701549916
481,baikunthpur,23.25,82.55,17.9,80,94,1.55,IN,1701549916
482,laem sing,12.4816,102.0738,25.89,81,99,4.33,TH,1701549916
483,port shepstone,-30.7414,30.455,21.08,86,100,3.09,ZA,1701549916
484,jinxiang,27.4327,120.6062,12.14,57,99,3.46,CN,1701549916
485,arauco,-37.2463,-73.3175,15.87,42,0,7.63,CL,1701549916
486,seagoville,32.6396,-96.5383,20.19,51,0,3.6,US,1701549917
487,kidal,18.4411,1.4078,26.71,15,22,4.51,ML,1701549917
488,svetlyy,54.675,20.1347,-2.97,94,100,1.71,RU,1701549917
489,grand falls-windsor,48.9332,-55.6649,1.39,89,100,0.86,CA,1701549917
490,trapani,37.8333,12.6667,15.05,72,20,4.12,IT,1701549917
491,zavetnoye,47.1194,43.8903,10.19,87,93,2.13,RU,1701549918
492,baise city,23.8997,106.6133,16.3,99,100,0.37,CN,1701549918
493,mount gambier,-37.8333,140.7667,12.93,81,14,1.65,AU,1701549918
494,oriximina,-1.7656,-55.8661,32.27,49,77,1.55,BR,1701549918
495,qamdo,31.1667,97.2333,-6.11,57,52,2.01,CN,1701549919
496,santa ana,33.7456,-117.8678,21.64,56,20,4.12,US,1701549919
497,ishikawa,26.4233,127.8214,18.18,65,75,3.09,JP,1701549919
498,morehead,37.2711,-87.1764,12.77,86,100,3.09,US,1701549919
499,ondjiva,-17.0667,15.7333,22.02,88,0,1.54,AO,1701549919
500,mersch,49.7489,6.1061,-2.04,79,75,2.57,LU,1701549920
501,mossel bay,-34.1831,22.146,18.96,80,100,3.58,ZA,1701549920
502,la foa,-21.7108,165.8276,27.02,62,13,0.28,NC,1701549920
503,al bardiyah,31.7561,25.0865,18.03,52,100,3.41,LY,1701549921
504,suva,-18.1416,178.4415,28.71,79,40,1.54,FJ,1701549921
505,fort mcmurray,56.7268,-111.381,-6.23,79,0,1.54,CA,1701549921
506,gaspe,48.8334,-64.4819,-0.05,64,75,2.57,CA,1701549921
507,sao raimundo nonato,-9.0153,-42.6994,32.66,27,83,0.6,BR,1701549921
508,soio,-6.1349,12.3689,26.54,77,12,2.35,AO,1701549921
509,notodden,59.5594,9.2585,-8.89,89,96,0.98,NO,1701549922
510,plottier,-38.9667,-68.2333,18.95,14,0,7.2,AR,1701549922
511,vozhega,60.4725,40.2213,-16.01,100,90,1.04,RU,1701549922
512,puntarenas,9.9763,-84.8384,30.74,59,7,2.32,CR,1701549922
513,kamaishi,39.2667,141.8833,2.95,80,39,2.13,JP,1701549922
514,brookings,44.3114,-96.7984,4.5,58,0,5.66,US,1701549657
515,tuba city,36.135,-111.2399,6.65,34,7,1.54,US,1701549923
516,broome,42.2506,-75.833,12.21,90,100,2.06,US,1701549923
517,zolochiv,49.806,24.8944,3.68,100,100,2.84,UA,1701549923
518,takoradi,4.8845,-1.7554,26.63,84,86,2.02,GH,1701549923
519,nyurba,63.2842,118.3319,-43.79,100,87,0.77,RU,1701549923
520,port blair,11.6667,92.75,26.02,94,40,0.51,IN,1701549924
521,tralee,52.2704,-9.7026,2.14,100,20,2.57,IE,1701549924
522,demir hisar,41.2217,21.2031,15.36,76,82,2.45,MK,1701549924
523,grand baie,-20.0182,57.5802,24.14,95,100,0.45,MU,1701549924
524,malango,-2.9627,119.9001,19.17,96,81,0.97,ID,1701549924
525,sao paulo de olivenca,-3.3783,-68.8725,26.85,94,91,1.09,BR,1701549925
526,manicore,-5.8092,-61.3003,31.85,53,51,2.43,BR,1701549925
527,kitimat,54.0524,-128.6534,1.49,65,100,0.71,CA,1701549925
528,paratinga,-12.6906,-43.1842,31.04,34,100,2.52,BR,1701549925
529,santa maria da vitoria,-13.3947,-44.1886,30.96,32,99,1.29,BR,1701549925
530,baran,25.1,76.5167,21.62,64,99,3.4,IN,1701549925
531,mil'kovo,55.6078,37.7956,-3.66,98,97,1.54,RU,1701549926
532,presidente olegario,-18.4178,-46.4181,23.66,72,75,4.02,BR,1701549926
533,bathsheba,13.2167,-59.5167,28.34,74,40,7.72,BB,1701549926
534,gumdag,39.2061,54.5906,12.51,57,100,4.9,TM,1701549926
535,colesberg,-30.72,25.0972,20.9,46,100,1.97,ZA,1701549926
536,khash,28.2211,61.2158,12.81,48,0,1.44,IR,1701549926
537,okhotsk,59.3833,143.3,-33.05,87,65,5.19,RU,1701549927
538,balikpapan,-1.2675,116.8289,23.59,93,82,1.36,ID,1701549927
539,cuyo,10.8525,121.0086,27.69,82,69,10.88,PH,1701549927
540,betio village,1.358,172.9211,26.02,85,100,6.42,KI,1701549927
541,crucecita,-28.95,-58.9833,27.06,79,62,4.59,AR,1701549927
542,kapenguria,1.2511,35.0895,17.31,66,96,0.4,KE,1701549928
543,mawu,29.5923,107.3139,8.87,84,100,0.21,CN,1701549928
544,penzance,50.1186,-5.5371,9.38,73,100,6.76,GB,1701549928
545,iowa park,33.9515,-98.6687,20.62,32,0,7.72,US,1701549929
546,porto seguro,-16.4497,-39.0647,27.29,78,20,7.2,BR,1701549929
547,tongshan,34.1805,117.1571,2.79,39,21,1.86,CN,1701549929
548,galich,58.3797,42.3475,-11.71,100,84,1.07,RU,1701549929
549,turpan,42.9333,89.1667,1.19,45,11,0.96,CN,1701549929
550,atafu village,-8.5421,-172.5159,27.22,69,100,2.21,TK,1701549929
551,salug,8.1147,122.7833,25.7,90,85,3.44,PH,1701549929
552,shimoda,34.6667,138.95,8.74,74,2,5.25,JP,1701549930
553,lerwick,60.1545,-1.1494,3.0,69,99,3.95,GB,1701549930
554,isiklar,36.9942,40.1264,11.8,60,9,2.4,TR,1701549930
555,vanimo,-2.6741,141.3028,25.44,87,100,1.46,PG,1701549930
556,taroa,8.7058,171.2275,27.78,76,26,8.48,MH,1701549931
557,sidareja,-7.4846,108.7923,24.52,90,100,0.61,ID,1701549931
558,vila franca do campo,37.7167,-25.4333,14.23,92,100,8.75,PT,1701549931
559,paithan,19.4833,75.3833,21.15,79,50,3.32,IN,1701549931
560,twon-brass,4.3151,6.2418,27.2,80,63,4.18,NG,1701549931
561,petropavlovsk-kamchatsky,53.0452,158.6483,-8.08,81,20,7.6,RU,1701549931
562,nikolayevsk-on-amure,53.1406,140.73,-18.79,97,59,1.46,RU,1701549932
563,brezina,33.0989,1.2608,9.44,67,23,5.94,DZ,1701549932
564,fisterra,42.9049,-9.2629,7.79,74,62,5.45,ES,1701549932
565,dryden,49.7833,-92.7503,-1.84,64,20,3.6,CA,1701549932
566,maceio,-9.6658,-35.7353,27.69,78,40,6.69,BR,1701549762
567,cascais,38.6979,-9.4215,12.51,80,10,2.68,PT,1701549933
568,monte siao,-22.4325,-46.5725,26.96,58,21,0.52,BR,1701549933
569,andergrove,-21.0833,149.1833,25.91,83,91,3.2,AU,1701549933
570,nevel'sk,46.6733,141.8633,-2.62,65,99,6.73,RU,1701549934
